source,baseline_uses,published_uses,reads,writes,missing,extra,unconsumed,gaps_before,gaps_after
app/app-authorization-ims-db2-mq/cbl/CBPAUP0C.cbl,14,14,8,6,0,0,0,227,200
app/app-authorization-ims-db2-mq/cbl/COPAUA0C.cbl,84,84,29,55,0,0,0,478,388
app/app-authorization-ims-db2-mq/cbl/COPAUS0C.cbl,47,47,25,22,0,0,0,726,695
app/app-authorization-ims-db2-mq/cbl/COPAUS1C.cbl,43,43,24,19,0,0,0,376,317
app/app-authorization-ims-db2-mq/cbl/COPAUS2C.cbl,4,4,0,4,0,0,0,81,77
app/app-authorization-ims-db2-mq/cbl/DBUNLDGS.CBL,2,2,0,2,0,0,0,113,111
app/app-authorization-ims-db2-mq/cbl/PAUDBLOD.CBL,0,0,0,0,0,0,0,137,137
app/app-authorization-ims-db2-mq/cbl/PAUDBUNL.CBL,2,2,0,2,0,0,0,104,102
app/app-transaction-type-db2/cbl/COBTUPDT.cbl,0,0,0,0,0,0,0,76,84
app/app-transaction-type-db2/cbl/COTRTLIC.cbl,260,260,118,142,0,0,0,956,674
app/app-transaction-type-db2/cbl/COTRTUPC.cbl,264,264,145,119,0,0,0,590,395
app/app-vsam-mq/cbl/COACCT01.cbl,8,8,4,4,0,0,0,362,371
app/app-vsam-mq/cbl/CODATE01.cbl,8,8,4,4,0,0,0,323,324
app/cbl/CBACT01C.cbl,7,7,7,0,0,0,0,328,307
app/cbl/CBACT02C.cbl,4,4,4,0,0,0,0,111,99
app/cbl/CBACT03C.cbl,4,4,4,0,0,0,0,113,101
app/cbl/CBACT04C.cbl,18,18,18,0,0,0,0,626,572
app/cbl/CBCUS01C.cbl,4,4,4,0,0,0,0,113,101
app/cbl/CBEXPORT.cbl,26,26,26,0,0,0,0,408,345
app/cbl/CBIMPORT.cbl,16,16,16,0,0,0,0,290,245
app/cbl/CBSTM03A.CBL,80,80,3,77,0,0,0,514,432
app/cbl/CBSTM03B.CBL,12,12,12,0,0,0,0,80,46
app/cbl/CBTRN01C.cbl,14,14,14,0,0,0,0,348,306
app/cbl/CBTRN02C.cbl,19,19,19,0,0,0,0,572,515
app/cbl/CBTRN03C.cbl,17,17,17,0,0,0,0,523,472
app/cbl/COACTUPC.cbl,605,605,380,225,0,0,0,2316,1488
app/cbl/COACTVWC.cbl,91,91,29,62,0,0,0,389,313
app/cbl/COADM01C.cbl,4,4,2,2,0,0,0,159,156
app/cbl/COBIL00C.cbl,10,10,5,5,0,0,0,334,372
app/cbl/COBSWAIT.cbl,0,0,0,0,0,0,0,9,9
app/cbl/COCRDLIC.cbl,143,143,50,93,0,0,0,720,638
app/cbl/COCRDSLC.cbl,99,99,30,69,0,0,0,373,290
app/cbl/COCRDUPC.cbl,240,240,108,132,0,0,0,693,458
app/cbl/COMEN01C.cbl,6,6,3,3,0,0,0,182,179
app/cbl/CORPT00C.cbl,13,13,7,6,0,0,0,349,340
app/cbl/COSGN00C.cbl,3,3,2,1,0,0,0,126,124
app/cbl/COTRN00C.cbl,41,41,27,14,0,0,0,603,569
app/cbl/COTRN01C.cbl,6,6,3,3,0,0,0,176,177
app/cbl/COTRN02C.cbl,6,6,3,3,0,0,0,508,556
app/cbl/COUSR00C.cbl,41,41,27,14,0,0,0,589,555
app/cbl/COUSR01C.cbl,4,4,2,2,0,0,0,168,176
app/cbl/COUSR02C.cbl,12,12,5,7,0,0,0,266,267
app/cbl/COUSR03C.cbl,7,7,4,3,0,0,0,214,222
app/cbl/CSUTLDTC.cbl,9,9,9,0,0,0,0,35,34
samples/m2/unikix/UniKix_CardDemo_runtime_v1.zip!/migrated_app/cbl/CBACT01C.cbl,4,4,4,0,0,0,0,134,122
samples/m2/unikix/UniKix_CardDemo_runtime_v1.zip!/migrated_app/cbl/CBACT02C.cbl,4,4,4,0,0,0,0,109,97
samples/m2/unikix/UniKix_CardDemo_runtime_v1.zip!/migrated_app/cbl/CBACT03C.cbl,4,4,4,0,0,0,0,111,99
samples/m2/unikix/UniKix_CardDemo_runtime_v1.zip!/migrated_app/cbl/CBACT04C.cbl,18,18,18,0,0,0,0,624,570
samples/m2/unikix/UniKix_CardDemo_runtime_v1.zip!/migrated_app/cbl/CBCUS01C.cbl,4,4,4,0,0,0,0,111,99
samples/m2/unikix/UniKix_CardDemo_runtime_v1.zip!/migrated_app/cbl/CBSTM03A.cbl,77,77,0,77,0,0,0,481,406
samples/m2/unikix/UniKix_CardDemo_runtime_v1.zip!/migrated_app/cbl/CBSTM03B.cbl,12,12,12,0,0,0,0,80,46
samples/m2/unikix/UniKix_CardDemo_runtime_v1.zip!/migrated_app/cbl/CBTRN01C.cbl,14,14,14,0,0,0,0,346,304
samples/m2/unikix/UniKix_CardDemo_runtime_v1.zip!/migrated_app/cbl/CBTRN02C.cbl,19,19,19,0,0,0,0,570,513
samples/m2/unikix/UniKix_CardDemo_runtime_v1.zip!/migrated_app/cbl/CBTRN03C.cbl,17,17,17,0,0,0,0,521,470
samples/m2/unikix/UniKix_CardDemo_runtime_v1.zip!/migrated_app/cbl/COACTUPC.cl2,602,602,379,223,0,0,0,2306,1482
samples/m2/unikix/UniKix_CardDemo_runtime_v1.zip!/migrated_app/cbl/COACTVWC.cl2,91,91,29,62,0,0,0,389,313
samples/m2/unikix/UniKix_CardDemo_runtime_v1.zip!/migrated_app/cbl/COADM01C.cl2,4,4,2,2,0,0,0,150,147
samples/m2/unikix/UniKix_CardDemo_runtime_v1.zip!/migrated_app/cbl/COBIL00C.cl2,10,10,5,5,0,0,0,334,372
samples/m2/unikix/UniKix_CardDemo_runtime_v1.zip!/migrated_app/cbl/COCRDLIC.cl2,143,143,50,93,0,0,0,720,638
samples/m2/unikix/UniKix_CardDemo_runtime_v1.zip!/migrated_app/cbl/COCRDSLC.cl2,99,99,30,69,0,0,0,373,290
samples/m2/unikix/UniKix_CardDemo_runtime_v1.zip!/migrated_app/cbl/COCRDUPC.cl2,240,240,108,132,0,0,0,692,457
samples/m2/unikix/UniKix_CardDemo_runtime_v1.zip!/migrated_app/cbl/COMEN01C.cl2,6,6,3,3,0,0,0,164,159
samples/m2/unikix/UniKix_CardDemo_runtime_v1.zip!/migrated_app/cbl/CORPT00C.cl2,13,13,7,6,0,0,0,349,340
samples/m2/unikix/UniKix_CardDemo_runtime_v1.zip!/migrated_app/cbl/COSGN00C.cl2,3,3,2,1,0,0,0,126,124
samples/m2/unikix/UniKix_CardDemo_runtime_v1.zip!/migrated_app/cbl/COTRN00C.cl2,41,41,27,14,0,0,0,603,569
samples/m2/unikix/UniKix_CardDemo_runtime_v1.zip!/migrated_app/cbl/COTRN01C.cl2,6,6,3,3,0,0,0,176,177
samples/m2/unikix/UniKix_CardDemo_runtime_v1.zip!/migrated_app/cbl/COTRN02C.cl2,6,6,3,3,0,0,0,508,556
samples/m2/unikix/UniKix_CardDemo_runtime_v1.zip!/migrated_app/cbl/COUSR00C.cl2,41,41,27,14,0,0,0,589,555
samples/m2/unikix/UniKix_CardDemo_runtime_v1.zip!/migrated_app/cbl/COUSR01C.cl2,4,4,2,2,0,0,0,168,176
samples/m2/unikix/UniKix_CardDemo_runtime_v1.zip!/migrated_app/cbl/COUSR02C.cl2,12,12,5,7,0,0,0,266,267
samples/m2/unikix/UniKix_CardDemo_runtime_v1.zip!/migrated_app/cbl/COUSR03C.cl2,7,7,4,3,0,0,0,214,222
samples/m2/unikix/UniKix_CardDemo_runtime_v1.zip!/migrated_app/cbl/CSUTLDTC.cbl,9,9,9,0,0,0,0,51,50
samples/m2/unikix/UniKix_CardDemo_runtime_v1.zip!/migrated_app/cbl/SDSF.cbl,0,0,0,0,0,0,0,1,1
