source,id,gapsBefore,gapsAfter,removed,astMoves,numericLiterals,integerMoves,integerTransfers,literalTransfers,dataTransfers,integerDeclarations
app/cbl/CBTRN02C.cbl,2fe17320f9cffe07,515,429,86,127,60,13,13,6,7,17
samples/m2/unikix/UniKix_CardDemo_runtime_v1.zip!/migrated_app/cbl/CBTRN02C.cbl,f0bab7303f51e786,513,427,86,127,60,13,13,6,7,17
app/cbl/COACTUPC.cbl,4affdc7a0fa00605,1488,1423,65,577,59,6,7,4,3,27
samples/m2/unikix/UniKix_CardDemo_runtime_v1.zip!/migrated_app/cbl/COACTUPC.cl2,4157c234cff53544,1482,1417,65,577,59,6,7,4,3,27
app/cbl/CBACT04C.cbl,f966744c71354a80,572,512,60,104,52,4,4,1,3,18
samples/m2/unikix/UniKix_CardDemo_runtime_v1.zip!/migrated_app/cbl/CBACT04C.cbl,70f27939c3f2618e,570,510,60,104,52,4,4,1,3,18
app/cbl/CBTRN01C.cbl,1dac7e501ccb2956,306,254,52,63,40,6,6,4,2,18
samples/m2/unikix/UniKix_CardDemo_runtime_v1.zip!/migrated_app/cbl/CBTRN01C.cbl,a3874978fb9d76a2,304,252,52,63,40,6,6,4,2,18
app/cbl/CBTRN03C.cbl,313a2941cb8f9f59,472,422,50,97,46,2,2,0,2,9
samples/m2/unikix/UniKix_CardDemo_runtime_v1.zip!/migrated_app/cbl/CBTRN03C.cbl,7557c459401603a2,470,420,50,97,46,2,2,0,2,9
app/cbl/COTRN02C.cbl,fb675863f8d09c36,556,518,38,173,37,2,2,1,1,26
samples/m2/unikix/UniKix_CardDemo_runtime_v1.zip!/migrated_app/cbl/COTRN02C.cl2,a82318348427f821,556,518,38,173,37,2,2,1,1,26
app/cbl/CBACT01C.cbl,c8bd92491fae8f50,307,273,34,64,25,5,6,2,4,9
app/cbl/COCRDLIC.cbl,84d813ff30351b47,638,605,33,221,15,9,9,4,5,23
samples/m2/unikix/UniKix_CardDemo_runtime_v1.zip!/migrated_app/cbl/COCRDLIC.cl2,296678f011e781e5,638,605,33,221,15,9,9,4,5,23
app/cbl/COTRN00C.cbl,d2bed9bd0c9b2662,569,538,31,178,19,6,6,4,2,20
samples/m2/unikix/UniKix_CardDemo_runtime_v1.zip!/migrated_app/cbl/COTRN00C.cl2,0332bc7dce75ea7c,569,538,31,178,19,6,6,4,2,20
app/cbl/COBIL00C.cbl,270d89141e57ffe5,372,342,30,98,22,4,4,4,0,24
samples/m2/unikix/UniKix_CardDemo_runtime_v1.zip!/migrated_app/cbl/COBIL00C.cl2,b7bb370b3171956f,372,342,30,98,22,4,4,4,0,24
app/app-authorization-ims-db2-mq/cbl/COPAUS0C.cbl,fdb6a11aa23211a4,695,666,29,229,23,3,3,2,1,31
app/cbl/COUSR00C.cbl,b72618dbeb8d4654,555,526,29,173,19,5,5,5,0,18
samples/m2/unikix/UniKix_CardDemo_runtime_v1.zip!/migrated_app/cbl/COUSR00C.cl2,6df5138a4c6d9daa,555,526,29,173,19,5,5,5,0,18
app/cbl/CORPT00C.cbl,85931700529ae9bd,340,313,27,125,25,1,1,1,0,21
samples/m2/unikix/UniKix_CardDemo_runtime_v1.zip!/migrated_app/cbl/CORPT00C.cl2,1344f55da698ca45,340,313,27,125,25,1,1,1,0,21
app/cbl/CBSTM03A.CBL,33feae00b4be6a55,432,410,22,79,18,2,2,2,0,7
samples/m2/unikix/UniKix_CardDemo_runtime_v1.zip!/migrated_app/cbl/CBSTM03A.cbl,a367f4acd2bec18b,406,384,22,79,18,2,2,2,0,9
app/cbl/COCRDUPC.cbl,7f1a0501d082b5dd,458,440,18,171,14,6,8,8,0,24
samples/m2/unikix/UniKix_CardDemo_runtime_v1.zip!/migrated_app/cbl/COCRDUPC.cl2,1ff5d16035ba70ac,457,439,18,171,14,6,8,8,0,24
app/cbl/COUSR02C.cbl,f55d741512b8cc47,267,250,17,80,15,1,1,1,0,18
samples/m2/unikix/UniKix_CardDemo_runtime_v1.zip!/migrated_app/cbl/COUSR02C.cl2,5e3ce0f6b5e6b3e7,267,250,17,80,15,1,1,1,0,18
app/cbl/COCRDSLC.cbl,4b5ec43c105bb64f,290,275,15,95,7,4,4,4,0,22
samples/m2/unikix/UniKix_CardDemo_runtime_v1.zip!/migrated_app/cbl/COCRDSLC.cl2,287d36f735ecab42,290,275,15,95,7,4,4,4,0,22
app/app-authorization-ims-db2-mq/cbl/COPAUS1C.cbl,8e0bfbb0bb8f4acd,317,303,14,95,2,6,6,1,5,23
app/cbl/COUSR01C.cbl,c5a1c856e8d5db78,176,162,14,58,12,1,1,1,0,17
samples/m2/unikix/UniKix_CardDemo_runtime_v1.zip!/migrated_app/cbl/COUSR01C.cl2,686f858db2f86601,176,162,14,58,12,1,1,1,0,17
app/cbl/COUSR03C.cbl,03c557ca5d9ae101,222,209,13,61,11,1,1,1,0,18
samples/m2/unikix/UniKix_CardDemo_runtime_v1.zip!/migrated_app/cbl/COUSR03C.cl2,9401561db503964f,222,209,13,61,11,1,1,1,0,18
app/app-transaction-type-db2/cbl/COTRTLIC.cbl,6b6e7ba3fb8b02e7,674,662,12,187,12,0,0,0,0,23
app/cbl/COACTVWC.cbl,0e4fd74fc651750a,313,303,10,113,4,3,3,2,1,25
samples/m2/unikix/UniKix_CardDemo_runtime_v1.zip!/migrated_app/cbl/COACTVWC.cl2,f3c66a2033a66a2b,313,303,10,113,4,3,3,2,1,25
app/app-authorization-ims-db2-mq/cbl/COPAUA0C.cbl,d0c029a3108572a7,388,379,9,155,3,3,3,0,3,15
app/app-authorization-ims-db2-mq/cbl/CBPAUP0C.cbl,792f46d55ee54e05,200,191,9,9,5,2,2,2,0,11
app/cbl/COTRN01C.cbl,5eb47d950101cbe6,177,168,9,57,7,1,1,1,0,20
samples/m2/unikix/UniKix_CardDemo_runtime_v1.zip!/migrated_app/cbl/COTRN01C.cl2,90f81d7b685a1abd,177,168,9,57,7,1,1,1,0,20
app/cbl/COSGN00C.cbl,9d80faee8c58d8de,124,115,9,41,7,1,1,1,0,17
samples/m2/unikix/UniKix_CardDemo_runtime_v1.zip!/migrated_app/cbl/COSGN00C.cl2,89f1427bafb2e03e,124,115,9,41,7,1,1,1,0,17
samples/m2/unikix/UniKix_CardDemo_runtime_v1.zip!/migrated_app/cbl/CBACT01C.cbl,6dc77bb7e613059f,122,113,9,18,9,0,0,0,0,4
app/cbl/CBACT03C.cbl,c4ff728a15e2c448,101,92,9,18,9,0,0,0,0,4
app/cbl/CBCUS01C.cbl,dc79e9c1c875df01,101,92,9,18,9,0,0,0,0,6
app/cbl/CBACT02C.cbl,c6a3a68f36e5247b,99,90,9,18,9,0,0,0,0,4
samples/m2/unikix/UniKix_CardDemo_runtime_v1.zip!/migrated_app/cbl/CBACT03C.cbl,2c5dba9b88f1c2c8,99,90,9,18,9,0,0,0,0,4
samples/m2/unikix/UniKix_CardDemo_runtime_v1.zip!/migrated_app/cbl/CBCUS01C.cbl,d35fa32d3a27149f,99,90,9,18,9,0,0,0,0,6
samples/m2/unikix/UniKix_CardDemo_runtime_v1.zip!/migrated_app/cbl/CBACT02C.cbl,4299fd5b5337cd99,97,88,9,18,9,0,0,0,0,4
app/app-transaction-type-db2/cbl/COTRTUPC.cbl,54eaa77fe6501981,395,389,6,98,6,1,2,2,0,20
app/cbl/COMEN01C.cbl,90096622fff47265,179,173,6,53,2,2,2,2,0,19
app/app-vsam-mq/cbl/COACCT01.cbl,069938f27c5c9d1c,371,367,4,119,4,0,0,0,0,0
app/app-vsam-mq/cbl/CODATE01.cbl,405c1833bbe66f51,324,320,4,102,4,0,0,0,0,0
samples/m2/unikix/UniKix_CardDemo_runtime_v1.zip!/migrated_app/cbl/COMEN01C.cl2,1490e5fb7f36ac22,159,156,3,47,1,1,1,1,0,19
app/cbl/COADM01C.cbl,385b562b6298cf72,156,153,3,45,1,1,1,1,0,19
samples/m2/unikix/UniKix_CardDemo_runtime_v1.zip!/migrated_app/cbl/COADM01C.cl2,143ef5a6f9d7c943,147,144,3,43,1,1,1,1,0,19
samples/m2/unikix/UniKix_CardDemo_runtime_v1.zip!/migrated_app/cbl/CSUTLDTC.cbl,8e4db16c1710b40c,50,49,1,21,1,0,0,0,0,0
app/cbl/CSUTLDTC.cbl,6fe2e16e2ce733e4,34,33,1,21,1,0,0,0,0,0
app/cbl/CBEXPORT.cbl,da1614ca80f46ff2,345,345,0,77,,0,0,,0,24
app/cbl/CBIMPORT.cbl,e4602df7a0ed5f88,245,245,0,66,,0,0,,0,19
app/app-authorization-ims-db2-mq/cbl/PAUDBLOD.CBL,07d08e0b43a895bc,137,137,0,6,,0,0,0,0,11
app/app-authorization-ims-db2-mq/cbl/DBUNLDGS.CBL,52c234a1ef052153,111,111,0,6,,0,0,0,0,11
app/app-authorization-ims-db2-mq/cbl/PAUDBUNL.CBL,db90a0cbde11bd30,102,102,0,6,,0,0,0,0,11
app/app-transaction-type-db2/cbl/COBTUPDT.cbl,29be9b929ed1cbd3,84,84,0,5,,0,0,0,0,0
app/app-authorization-ims-db2-mq/cbl/COPAUS2C.cbl,8d1308febaf7041d,77,77,0,40,,0,0,,0,0
app/cbl/CBSTM03B.CBL,a6340eefcff72047,46,46,0,6,,0,0,,0,1
samples/m2/unikix/UniKix_CardDemo_runtime_v1.zip!/migrated_app/cbl/CBSTM03B.cbl,18b5464e520dbfdd,46,46,0,6,,0,0,,0,1
app/cbl/COBSWAIT.cbl,8e2f1a6e49366d8f,9,9,0,1,,0,0,,0,0
samples/m2/unikix/UniKix_CardDemo_runtime_v1.zip!/migrated_app/cbl/SDSF.cbl,a866a57778cd77af,1,1,0,,,,,,,0
