path,programName,sourceSha256,firstBlockingFamily,latentFamilyUnderProfileProbe,firstBlockingStage,frontendState,frontendExit,lowerState,lowerExit,cfgState,dependencyState,spVersion,spObserved,spPartial,spUnsupported,entryInventory,storageGapCodes,unresolvedDependencyOccurrences,unresolvedDependencyNames,rawDirectory
app/app-authorization-ims-db2-mq/cbl/CBPAUP0C.cbl,CBPAUP0C,309468a5c4745f92c6dcf6ed28b396334b2f131ced78eb43eda962a63d2b174e,F3_EVALUATE_ARM_BOUNDARY,,lower,PARTIAL,0,BLOCKED,4,NOT_REACHED,NOT_REACHED,2.37.0,110,76,32,PARTIAL,PROFILE_NOT_SELECTED,0,,programs/app/app-authorization-ims-db2-mq/cbl/CBPAUP0C.cbl
app/app-authorization-ims-db2-mq/cbl/COPAUA0C.cbl,COPAUA0C,224856ce6ef1b7417aefcec033a36a9315c0005decf9f11d21d11e9240e3f8fa,F2_PERFORM_PARAGRAPH_BOUNDARY,,lower,PARTIAL,0,BLOCKED,4,NOT_REACHED,NOT_REACHED,2.36.0,344,220,107,INPUT_MISSING,PROFILE_NOT_SELECTED|INPUT_MISSING,8,CMQGMOV|CMQMDV|CMQODV|CMQPMOV|CMQTML|CMQV,programs/app/app-authorization-ims-db2-mq/cbl/COPAUA0C.cbl
app/app-authorization-ims-db2-mq/cbl/COPAUS0C.cbl,COPAUS0C,7ab6dadad6d9d738f6a0cb402f394c25ccda5f7fef26ad644feeb76c11065254,F2_PERFORM_PARAGRAPH_BOUNDARY,,lower,PARTIAL,0,BLOCKED,4,NOT_REACHED,NOT_REACHED,2.36.0,370,302,61,INPUT_MISSING,PROFILE_NOT_SELECTED|INPUT_MISSING,2,DFHAID|DFHBMSCA,programs/app/app-authorization-ims-db2-mq/cbl/COPAUS0C.cbl
app/app-authorization-ims-db2-mq/cbl/COPAUS1C.cbl,COPAUS1C,27a969cbee69426fa1056053e676041430e99399912f0e27ee1f1a454093c21e,F2_PERFORM_PARAGRAPH_BOUNDARY,,lower,PARTIAL,0,BLOCKED,4,NOT_REACHED,NOT_REACHED,2.36.0,193,156,33,INPUT_MISSING,PROFILE_NOT_SELECTED|INPUT_MISSING,2,DFHAID|DFHBMSCA,programs/app/app-authorization-ims-db2-mq/cbl/COPAUS1C.cbl
app/app-authorization-ims-db2-mq/cbl/COPAUS2C.cbl,COPAUS2C,57232060f8bdaecc679b74e93fcf91d93cffd400326c001bd187ab5fad14789e,F6_STORAGE_SECTION_UNPROVEN,,lower,PARTIAL,0,BLOCKED,4,NOT_REACHED,NOT_REACHED,2.36.0,56,48,8,PARTIAL,PROFILE_NOT_SELECTED|SECTION_NOT_PROVEN,2,AUTHFRDS|SQLCA,programs/app/app-authorization-ims-db2-mq/cbl/COPAUS2C.cbl
app/app-authorization-ims-db2-mq/cbl/DBUNLDGS.CBL,DBUNLDGS,13c409d1b14b52c4d334c9297aaa7dafa209901569f809127f3831d780722e33,F4_STORAGE_PROFILE_UNSELECTED,,lower,PARTIAL,0,BLOCKED,4,NOT_REACHED,NOT_REACHED,2.37.0,67,42,21,PARTIAL,PROFILE_NOT_SELECTED,0,,programs/app/app-authorization-ims-db2-mq/cbl/DBUNLDGS.CBL
app/app-authorization-ims-db2-mq/cbl/PAUDBLOD.CBL,PAUDBLOD,5694a2ed8a12dd4dc82717b401c655866a0e1f9abb0acf395151ead2b0cb31a7,F4_STORAGE_PROFILE_UNSELECTED,,lower,PARTIAL,0,BLOCKED,4,NOT_REACHED,NOT_REACHED,2.37.0,88,64,22,PARTIAL,PROFILE_NOT_SELECTED,0,,programs/app/app-authorization-ims-db2-mq/cbl/PAUDBLOD.CBL
app/app-authorization-ims-db2-mq/cbl/PAUDBUNL.CBL,PAUDBUNL,cf174417cd833193fec178a782fa8d7cabb95da9a8c2ca709af598c45f485625,F4_STORAGE_PROFILE_UNSELECTED,,lower,PARTIAL,0,BLOCKED,4,NOT_REACHED,NOT_REACHED,2.37.0,73,40,29,PARTIAL,PROFILE_NOT_SELECTED,0,,programs/app/app-authorization-ims-db2-mq/cbl/PAUDBUNL.CBL
app/app-transaction-type-db2/cbl/COBTUPDT.cbl,COBTUPDT,0213fd5718c6aadd3fba6bbfb1818456d75d10843181bff63aca9ff57d39e87c,F2_PERFORM_PARAGRAPH_BOUNDARY,,lower,PARTIAL,0,BLOCKED,4,NOT_REACHED,NOT_REACHED,2.36.0,58,36,21,PARTIAL,PROFILE_NOT_SELECTED|SECTION_NOT_PROVEN,2,DCLTRTYP|SQLCA,programs/app/app-transaction-type-db2/cbl/COBTUPDT.cbl
app/app-transaction-type-db2/cbl/COTRTLIC.cbl,,916a5fe2279ad626147990d8f86fac1e4b296f827889485b020cc310b5323601,F1_FIXED_FORMAT_TAB,,frontend,BLOCKED,1,NOT_REACHED,,NOT_REACHED,NOT_REACHED,,,,,,,0,,programs/app/app-transaction-type-db2/cbl/COTRTLIC.cbl
app/app-transaction-type-db2/cbl/COTRTUPC.cbl,COTRTUPC,c16e40c391c0ad2d3e797a0e01144ef5b78d3b0db0a1771411a95a9d08b01f67,F2_PERFORM_PARAGRAPH_BOUNDARY,,lower,PARTIAL,0,BLOCKED,4,NOT_REACHED,NOT_REACHED,2.35.0,436,201,216,INPUT_MISSING,PROFILE_NOT_SELECTED|INPUT_MISSING|SECTION_NOT_PROVEN,5,DCLTRCAT|DCLTRTYP|DFHAID|DFHBMSCA|SQLCA,programs/app/app-transaction-type-db2/cbl/COTRTUPC.cbl
app/app-vsam-mq/cbl/COACCT01.cbl,COACCT01,92776ed2801da1148839a9ed98b6537de4b41e0c7f050c8dcaae0d4e4ea543b5,F2_PERFORM_PARAGRAPH_BOUNDARY,,lower,PARTIAL,0,BLOCKED,4,NOT_REACHED,NOT_REACHED,2.36.0,205,168,32,INPUT_MISSING,PROFILE_NOT_SELECTED|INPUT_MISSING,6,CMQGMOV|CMQMDV|CMQODV|CMQPMOV|CMQTML|CMQV,programs/app/app-vsam-mq/cbl/COACCT01.cbl
app/app-vsam-mq/cbl/CODATE01.cbl,CODATE01,97fcba3faa272c98778eb7ef50ef87faec7290168e24a9b1714996453d660ddb,F2_PERFORM_PARAGRAPH_BOUNDARY,,lower,PARTIAL,0,BLOCKED,4,NOT_REACHED,NOT_REACHED,2.36.0,182,147,30,INPUT_MISSING,PROFILE_NOT_SELECTED|INPUT_MISSING,6,CMQGMOV|CMQMDV|CMQODV|CMQPMOV|CMQTML|CMQV,programs/app/app-vsam-mq/cbl/CODATE01.cbl
app/cbl/CBACT01C.cbl,CBACT01C,f8eb6e3a561ff96a1889a8f777a8998850a11dddae221da2c5018067d7b95551,F2_PERFORM_PARAGRAPH_BOUNDARY,,lower,PARTIAL,0,BLOCKED,4,NOT_REACHED,NOT_REACHED,2.36.0,190,149,39,PARTIAL,PROFILE_NOT_SELECTED,0,,programs/app/cbl/CBACT01C.cbl
app/cbl/CBACT02C.cbl,CBACT02C,d290cbbbec1e25859847d9dfe6b28040cd6b09c3b71747e39de7b4713d838e76,F2_PERFORM_PARAGRAPH_BOUNDARY,,lower,PARTIAL,0,BLOCKED,4,NOT_REACHED,NOT_REACHED,2.36.0,63,47,14,PARTIAL,PROFILE_NOT_SELECTED,0,,programs/app/cbl/CBACT02C.cbl
app/cbl/CBACT03C.cbl,CBACT03C,ee1019bc3ef7bc4e0f807b6e9b7167c9386ee7c2f647c63dfddc6fc464487855,F2_PERFORM_PARAGRAPH_BOUNDARY,,lower,PARTIAL,0,BLOCKED,4,NOT_REACHED,NOT_REACHED,2.36.0,64,48,14,PARTIAL,PROFILE_NOT_SELECTED,0,,programs/app/cbl/CBACT03C.cbl
app/cbl/CBACT04C.cbl,CBACT04C,5084bb8b0c9a0f0199f737487ae1863f12e43cabbdc459a62b6b67bedc683cc4,F4_STORAGE_PROFILE_UNSELECTED,F7_AIR_DANGLING_LABEL,lower,PARTIAL,0,BLOCKED,4,NOT_REACHED,NOT_REACHED,2.36.0,294,222,66,PARTIAL,PROFILE_NOT_SELECTED,0,,programs/app/cbl/CBACT04C.cbl
app/cbl/CBCUS01C.cbl,CBCUS01C,233dbc3bc33a3b9ac555922085a92be56e88d16316bff624b5723c4c36c99714,F2_PERFORM_PARAGRAPH_BOUNDARY,,lower,PARTIAL,0,BLOCKED,4,NOT_REACHED,NOT_REACHED,2.36.0,64,48,14,PARTIAL,PROFILE_NOT_SELECTED,0,,programs/app/cbl/CBCUS01C.cbl
app/cbl/CBEXPORT.cbl,CBEXPORT,598e3c9055b96b79266910e080bc24048eb308ee61afc828c06dbade9f501d38,F2_PERFORM_PARAGRAPH_BOUNDARY,,lower,PARTIAL,0,BLOCKED,4,NOT_REACHED,NOT_REACHED,2.37.0,224,156,52,PARTIAL,PROFILE_NOT_SELECTED,0,,programs/app/cbl/CBEXPORT.cbl
app/cbl/CBIMPORT.cbl,CBIMPORT,0eccb28695cb3a8ea6f6ea7da26d1b48a4529787f6130b2c98bead33bc661967,F2_PERFORM_PARAGRAPH_BOUNDARY,,lower,PARTIAL,0,BLOCKED,4,NOT_REACHED,NOT_REACHED,2.37.0,175,131,42,PARTIAL,PROFILE_NOT_SELECTED,0,,programs/app/cbl/CBIMPORT.cbl
app/cbl/CBSTM03A.CBL,CBSTM03A,23c8753b6b4e0c24d4560c83861fe8162626bab195faec0fe88cf80b8bf432b5,F2_PERFORM_PARAGRAPH_BOUNDARY,,lower,PARTIAL,0,BLOCKED,4,NOT_REACHED,NOT_REACHED,2.37.0,424,171,235,PARTIAL,PROFILE_NOT_SELECTED,0,,programs/app/cbl/CBSTM03A.CBL
app/cbl/CBSTM03B.CBL,CBSTM03B,ac004f7f40dcb3f2a14dfb83a743f83fed9383675bc93452f3424c40cb6475a7,PIPELINE_PARTIAL,,,PARTIAL,0,PARTIAL,0,PARTIAL,PARTIAL,2.37.0,53,23,17,PARTIAL,PROFILE_NOT_SELECTED,0,,programs/app/cbl/CBSTM03B.CBL
app/cbl/CBTRN01C.cbl,CBTRN01C,55c2aebd59528aa42b28878ba5ca4d17a00b3548fc25e4ce1529710d366fd576,F2_PERFORM_PARAGRAPH_BOUNDARY,,lower,PARTIAL,0,BLOCKED,4,NOT_REACHED,NOT_REACHED,2.37.0,216,165,49,PARTIAL,PROFILE_NOT_SELECTED,0,,programs/app/cbl/CBTRN01C.cbl
app/cbl/CBTRN02C.cbl,CBTRN02C,708f3cadc555acab63f11e2f3238f5372ac7180e6b01197bf960d96bf0d2e83f,F2_PERFORM_PARAGRAPH_BOUNDARY,,lower,PARTIAL,0,BLOCKED,4,NOT_REACHED,NOT_REACHED,2.37.0,339,249,80,PARTIAL,PROFILE_NOT_SELECTED,0,,programs/app/cbl/CBTRN02C.cbl
app/cbl/CBTRN03C.cbl,CBTRN03C,8691e625502b7efcfd7ba4ae61797132e7b68f3fd5fedcdcc7dd6488f6871eef,F2_PERFORM_PARAGRAPH_BOUNDARY,,lower,PARTIAL,0,BLOCKED,4,NOT_REACHED,NOT_REACHED,2.37.0,315,230,77,PARTIAL,PROFILE_NOT_SELECTED,0,,programs/app/cbl/CBTRN03C.cbl
app/cbl/COACTUPC.cbl,COACTUPC,b5bb7d6ccad022e0fc91b4dd1e971f49d184adf89b56abdce14eccff35b39396,F2_PERFORM_PARAGRAPH_BOUNDARY,,lower,PARTIAL,0,BLOCKED,4,NOT_REACHED,NOT_REACHED,2.35.0,1415,890,434,INPUT_MISSING,PROFILE_NOT_SELECTED|INPUT_MISSING,2,DFHAID|DFHBMSCA,programs/app/cbl/COACTUPC.cbl
app/cbl/COACTVWC.cbl,COACTVWC,4f1e55176f69edfb55b7af7a161aceb8c3bc3bd1b2924a704a76256e0e751b54,F2_PERFORM_PARAGRAPH_BOUNDARY,,lower,PARTIAL,0,BLOCKED,4,NOT_REACHED,NOT_REACHED,2.35.0,275,174,94,INPUT_MISSING,PROFILE_NOT_SELECTED|INPUT_MISSING,2,DFHAID|DFHBMSCA,programs/app/cbl/COACTVWC.cbl
app/cbl/COADM01C.cbl,COADM01C,4e49afda5f685f3ebeb95ed04a93cf88df93d39c66d8d7f9ba2b9a3e00a1f690,F5_STORAGE_INPUT_MISSING,,lower,PARTIAL,0,BLOCKED,4,NOT_REACHED,NOT_REACHED,2.36.0,80,64,13,INPUT_MISSING,PROFILE_NOT_SELECTED|INPUT_MISSING,2,DFHAID|DFHBMSCA,programs/app/cbl/COADM01C.cbl
app/cbl/COBIL00C.cbl,COBIL00C,b5c46039eb8fd2f7ed7d3ca379172e56fa87385a369023bef706b04986fe1cfb,F2_PERFORM_PARAGRAPH_BOUNDARY,,lower,PARTIAL,0,BLOCKED,4,NOT_REACHED,NOT_REACHED,2.36.0,190,149,30,INPUT_MISSING,PROFILE_NOT_SELECTED|INPUT_MISSING,2,DFHAID|DFHBMSCA,programs/app/cbl/COBIL00C.cbl
app/cbl/COBSWAIT.cbl,COBSWAIT,38a8d28235e58509776f5c8c74c113d5848a7ac68fab753c55ab887221c3b43a,PIPELINE_PARTIAL,,,PARTIAL,0,PARTIAL,0,PARTIAL,PARTIAL,2.35.0,4,2,2,PARTIAL,PROFILE_NOT_SELECTED,0,,programs/app/cbl/COBSWAIT.cbl
app/cbl/COCRDLIC.cbl,COCRDLIC,d6a9210ad3062bd657881fc3f0d2a7368db3ff4869594e0d6a878d8f410d87b6,F2_PERFORM_PARAGRAPH_BOUNDARY,,lower,PARTIAL,0,BLOCKED,4,NOT_REACHED,NOT_REACHED,2.35.0,500,330,162,INPUT_MISSING,PROFILE_NOT_SELECTED|INPUT_MISSING,2,DFHAID|DFHBMSCA,programs/app/cbl/COCRDLIC.cbl
app/cbl/COCRDSLC.cbl,COCRDSLC,d5af307fb4b1a155f03df9eea14b402d866a332360e14a1e37dbefe59b73363b,F2_PERFORM_PARAGRAPH_BOUNDARY,,lower,PARTIAL,0,BLOCKED,4,NOT_REACHED,NOT_REACHED,2.35.0,263,161,95,INPUT_MISSING,PROFILE_NOT_SELECTED|INPUT_MISSING,2,DFHAID|DFHBMSCA,programs/app/cbl/COCRDSLC.cbl
app/cbl/COCRDUPC.cbl,COCRDUPC,c245cf383a4a3f721773a13ca231eb76bd5ae75c1830d58c7aba898a554a0de9,F2_PERFORM_PARAGRAPH_BOUNDARY,,lower,PARTIAL,0,BLOCKED,4,NOT_REACHED,NOT_REACHED,2.35.0,488,260,204,INPUT_MISSING,PROFILE_NOT_SELECTED|INPUT_MISSING,2,DFHAID|DFHBMSCA,programs/app/cbl/COCRDUPC.cbl
app/cbl/COMEN01C.cbl,COMEN01C,c77747b4caaf00b45177a6449562b7f59ec336db832937595edef8b32fdce6fa,F5_STORAGE_INPUT_MISSING,,lower,PARTIAL,0,BLOCKED,4,NOT_REACHED,NOT_REACHED,2.36.0,91,72,15,INPUT_MISSING,PROFILE_NOT_SELECTED|INPUT_MISSING,2,DFHAID|DFHBMSCA,programs/app/cbl/COMEN01C.cbl
app/cbl/CORPT00C.cbl,CORPT00C,0b06bd5d4f38f17871de8985c439dfce7ed30d28e02b6ffeb8459e0cd8db4fc2,F2_PERFORM_PARAGRAPH_BOUNDARY,,lower,PARTIAL,0,BLOCKED,4,NOT_REACHED,NOT_REACHED,2.36.0,220,168,42,INPUT_MISSING,PROFILE_NOT_SELECTED|INPUT_MISSING,2,DFHAID|DFHBMSCA,programs/app/cbl/CORPT00C.cbl
app/cbl/COSGN00C.cbl,COSGN00C,4f901ae6b113eebae60ae1d94b30f8cb9906d031a4419770bf56980bdf97e377,F5_STORAGE_INPUT_MISSING,,lower,PARTIAL,0,BLOCKED,4,NOT_REACHED,NOT_REACHED,2.36.0,71,61,9,INPUT_MISSING,PROFILE_NOT_SELECTED|INPUT_MISSING,2,DFHAID|DFHBMSCA,programs/app/cbl/COSGN00C.cbl
app/cbl/COTRN00C.cbl,COTRN00C,51479f131b4fb300008403f0c4f9fdbde56f22a7fb341c782492da29f0d23bbe,F2_PERFORM_PARAGRAPH_BOUNDARY,,lower,PARTIAL,0,BLOCKED,4,NOT_REACHED,NOT_REACHED,2.36.0,294,246,43,INPUT_MISSING,PROFILE_NOT_SELECTED|INPUT_MISSING,2,DFHAID|DFHBMSCA,programs/app/cbl/COTRN00C.cbl
app/cbl/COTRN01C.cbl,COTRN01C,fc24ff879ac6ae12bc6817554cb756f14c5e86e0ca2dd0037af49599887f03c0,F2_PERFORM_PARAGRAPH_BOUNDARY,,lower,PARTIAL,0,BLOCKED,4,NOT_REACHED,NOT_REACHED,2.36.0,95,80,12,INPUT_MISSING,PROFILE_NOT_SELECTED|INPUT_MISSING,2,DFHAID|DFHBMSCA,programs/app/cbl/COTRN01C.cbl
app/cbl/COTRN02C.cbl,COTRN02C,dc33b4c797a98d2732070a223f43cc78992c2846681163a032e376630742b1ed,F2_PERFORM_PARAGRAPH_BOUNDARY,,lower,PARTIAL,0,BLOCKED,4,NOT_REACHED,NOT_REACHED,2.36.0,300,252,40,INPUT_MISSING,PROFILE_NOT_SELECTED|INPUT_MISSING,2,DFHAID|DFHBMSCA,programs/app/cbl/COTRN02C.cbl
app/cbl/COUSR00C.cbl,COUSR00C,831433c6ec8306038c85cb86a8307f91dca48c26ef33a997f402187cbd9f4e04,F2_PERFORM_PARAGRAPH_BOUNDARY,,lower,PARTIAL,0,BLOCKED,4,NOT_REACHED,NOT_REACHED,2.36.0,288,241,43,INPUT_MISSING,PROFILE_NOT_SELECTED|INPUT_MISSING,2,DFHAID|DFHBMSCA,programs/app/cbl/COUSR00C.cbl
app/cbl/COUSR01C.cbl,COUSR01C,aa131b1e3382dc6d101b42f1c97d4fb0c2fdd706819ed9f9a0187c82b30f3019,F5_STORAGE_INPUT_MISSING,,lower,PARTIAL,0,BLOCKED,4,NOT_REACHED,NOT_REACHED,2.36.0,94,82,10,INPUT_MISSING,PROFILE_NOT_SELECTED|INPUT_MISSING,2,DFHAID|DFHBMSCA,programs/app/cbl/COUSR01C.cbl
app/cbl/COUSR02C.cbl,COUSR02C,85d36699cbd3079320e689576ea8406d07ad78901f4f3a68a129b869359b46ca,F5_STORAGE_INPUT_MISSING,,lower,PARTIAL,0,BLOCKED,4,NOT_REACHED,NOT_REACHED,2.36.0,148,124,20,INPUT_MISSING,PROFILE_NOT_SELECTED|INPUT_MISSING,2,DFHAID|DFHBMSCA,programs/app/cbl/COUSR02C.cbl
app/cbl/COUSR03C.cbl,COUSR03C,bcd68f08c145b3b9b9c809a7082834e9519d78b6f363a0d1c5ff9d9576dcf888,F5_STORAGE_INPUT_MISSING,,lower,PARTIAL,0,BLOCKED,4,NOT_REACHED,NOT_REACHED,2.36.0,115,96,16,INPUT_MISSING,PROFILE_NOT_SELECTED|INPUT_MISSING,2,DFHAID|DFHBMSCA,programs/app/cbl/COUSR03C.cbl
app/cbl/CSUTLDTC.cbl,CSUTLDTC,58c165dcfc3927232c02c152c673e3dee551587b85e7fe56ca67325c980eebb6,F4_STORAGE_PROFILE_UNSELECTED,,lower,PARTIAL,0,BLOCKED,4,NOT_REACHED,NOT_REACHED,2.37.0,27,19,8,PARTIAL,PROFILE_NOT_SELECTED,0,,programs/app/cbl/CSUTLDTC.cbl
samples/m2/unikix/UniKix_CardDemo_runtime_v1.zip!/migrated_app/cbl/CBACT01C.cbl,CBACT01C,426cf9bd190b777104bb964e9d5a2929197ed7621f8b334f229ef12e60e63966,F2_PERFORM_PARAGRAPH_BOUNDARY,,lower,PARTIAL,0,BLOCKED,4,NOT_REACHED,NOT_REACHED,2.36.0,77,59,15,PARTIAL,PROFILE_NOT_SELECTED,0,,programs/samples/m2/unikix/UniKix_CardDemo_runtime_v1.zip!/migrated_app/cbl/CBACT01C.cbl
samples/m2/unikix/UniKix_CardDemo_runtime_v1.zip!/migrated_app/cbl/CBACT02C.cbl,CBACT02C,f81506881aec5d44d340d8b125efe67e2b355343c8893ab6bc95e2cb72c292b7,F2_PERFORM_PARAGRAPH_BOUNDARY,,lower,PARTIAL,0,BLOCKED,4,NOT_REACHED,NOT_REACHED,2.36.0,63,46,14,PARTIAL,PROFILE_NOT_SELECTED,0,,programs/samples/m2/unikix/UniKix_CardDemo_runtime_v1.zip!/migrated_app/cbl/CBACT02C.cbl
samples/m2/unikix/UniKix_CardDemo_runtime_v1.zip!/migrated_app/cbl/CBACT03C.cbl,CBACT03C,2e16c29ee12fd20eec4500278f49d1430fe6aec4dd0a0963188ed62ccce9e171,F2_PERFORM_PARAGRAPH_BOUNDARY,,lower,PARTIAL,0,BLOCKED,4,NOT_REACHED,NOT_REACHED,2.36.0,64,47,14,PARTIAL,PROFILE_NOT_SELECTED,0,,programs/samples/m2/unikix/UniKix_CardDemo_runtime_v1.zip!/migrated_app/cbl/CBACT03C.cbl
samples/m2/unikix/UniKix_CardDemo_runtime_v1.zip!/migrated_app/cbl/CBACT04C.cbl,CBACT04C,76dea08b410b653ee2fa967c564e9f2e992b7c09f52b2d1fbb5a212149aefbce,F4_STORAGE_PROFILE_UNSELECTED,F7_AIR_DANGLING_LABEL,lower,PARTIAL,0,BLOCKED,4,NOT_REACHED,NOT_REACHED,2.36.0,294,221,66,PARTIAL,PROFILE_NOT_SELECTED,0,,programs/samples/m2/unikix/UniKix_CardDemo_runtime_v1.zip!/migrated_app/cbl/CBACT04C.cbl
samples/m2/unikix/UniKix_CardDemo_runtime_v1.zip!/migrated_app/cbl/CBCUS01C.cbl,CBCUS01C,494b1ca4ab8a4334eef77d2b87cc7df266f80cbeab2a3f191e9c776d4437d497,F2_PERFORM_PARAGRAPH_BOUNDARY,,lower,PARTIAL,0,BLOCKED,4,NOT_REACHED,NOT_REACHED,2.36.0,64,47,14,PARTIAL,PROFILE_NOT_SELECTED,0,,programs/samples/m2/unikix/UniKix_CardDemo_runtime_v1.zip!/migrated_app/cbl/CBCUS01C.cbl
samples/m2/unikix/UniKix_CardDemo_runtime_v1.zip!/migrated_app/cbl/CBSTM03A.cbl,,382c4131561a7843704fb84212c5d15b69ed5fa7b69101ee999680880a1d8879,F1_FIXED_FORMAT_TAB,,frontend,BLOCKED,1,NOT_REACHED,,NOT_REACHED,NOT_REACHED,,,,,,,0,,programs/samples/m2/unikix/UniKix_CardDemo_runtime_v1.zip!/migrated_app/cbl/CBSTM03A.cbl
samples/m2/unikix/UniKix_CardDemo_runtime_v1.zip!/migrated_app/cbl/CBSTM03B.cbl,CBSTM03B,c183707f0dae0b5e9387373fc3624f0462ad95ccbbb6c8a34167591e206bcbf8,PIPELINE_PARTIAL,,,PARTIAL,0,PARTIAL,0,PARTIAL,PARTIAL,2.37.0,53,23,17,PARTIAL,PROFILE_NOT_SELECTED,0,,programs/samples/m2/unikix/UniKix_CardDemo_runtime_v1.zip!/migrated_app/cbl/CBSTM03B.cbl
samples/m2/unikix/UniKix_CardDemo_runtime_v1.zip!/migrated_app/cbl/CBTRN01C.cbl,CBTRN01C,18cebdd95bff49b5316c271204fb20f59d2dd72615bc1715498c9cc8a50187f7,F2_PERFORM_PARAGRAPH_BOUNDARY,,lower,PARTIAL,0,BLOCKED,4,NOT_REACHED,NOT_REACHED,2.37.0,216,164,49,PARTIAL,PROFILE_NOT_SELECTED,0,,programs/samples/m2/unikix/UniKix_CardDemo_runtime_v1.zip!/migrated_app/cbl/CBTRN01C.cbl
samples/m2/unikix/UniKix_CardDemo_runtime_v1.zip!/migrated_app/cbl/CBTRN02C.cbl,CBTRN02C,136ab808a10d01814269a4a29bd6c249b1b86952d0abded98419458db43f2aef,F2_PERFORM_PARAGRAPH_BOUNDARY,,lower,PARTIAL,0,BLOCKED,4,NOT_REACHED,NOT_REACHED,2.37.0,339,248,80,PARTIAL,PROFILE_NOT_SELECTED,0,,programs/samples/m2/unikix/UniKix_CardDemo_runtime_v1.zip!/migrated_app/cbl/CBTRN02C.cbl
samples/m2/unikix/UniKix_CardDemo_runtime_v1.zip!/migrated_app/cbl/CBTRN03C.cbl,CBTRN03C,c9c5428073cbe19c1cd19fc066ed99972560c209a80b4aea3bae3cc5e20a3536,F2_PERFORM_PARAGRAPH_BOUNDARY,,lower,PARTIAL,0,BLOCKED,4,NOT_REACHED,NOT_REACHED,2.37.0,315,229,77,PARTIAL,PROFILE_NOT_SELECTED,0,,programs/samples/m2/unikix/UniKix_CardDemo_runtime_v1.zip!/migrated_app/cbl/CBTRN03C.cbl
samples/m2/unikix/UniKix_CardDemo_runtime_v1.zip!/migrated_app/cbl/COACTUPC.cl2,COACTUPC,e944b2b469cf737296489e87158801cfe1a174e2965b5bb9ad5006fc65a2b176,F2_PERFORM_PARAGRAPH_BOUNDARY,,lower,PARTIAL,0,BLOCKED,4,NOT_REACHED,NOT_REACHED,2.35.0,1400,886,424,INPUT_MISSING,PROFILE_NOT_SELECTED|INPUT_MISSING,2,DFHAID|DFHBMSCA,programs/samples/m2/unikix/UniKix_CardDemo_runtime_v1.zip!/migrated_app/cbl/COACTUPC.cl2
samples/m2/unikix/UniKix_CardDemo_runtime_v1.zip!/migrated_app/cbl/COACTVWC.cl2,COACTVWC,4f1e55176f69edfb55b7af7a161aceb8c3bc3bd1b2924a704a76256e0e751b54,F2_PERFORM_PARAGRAPH_BOUNDARY,,lower,PARTIAL,0,BLOCKED,4,NOT_REACHED,NOT_REACHED,2.35.0,275,174,94,INPUT_MISSING,PROFILE_NOT_SELECTED|INPUT_MISSING,2,DFHAID|DFHBMSCA,programs/samples/m2/unikix/UniKix_CardDemo_runtime_v1.zip!/migrated_app/cbl/COACTVWC.cl2
samples/m2/unikix/UniKix_CardDemo_runtime_v1.zip!/migrated_app/cbl/COADM01C.cl2,COADM01C,69842c4dd419ed70365682d65423d2744173f3eec695b25b5ed27bd29289608d,F5_STORAGE_INPUT_MISSING,,lower,PARTIAL,0,BLOCKED,4,NOT_REACHED,NOT_REACHED,2.36.0,74,59,12,INPUT_MISSING,PROFILE_NOT_SELECTED|INPUT_MISSING,2,DFHAID|DFHBMSCA,programs/samples/m2/unikix/UniKix_CardDemo_runtime_v1.zip!/migrated_app/cbl/COADM01C.cl2
samples/m2/unikix/UniKix_CardDemo_runtime_v1.zip!/migrated_app/cbl/COBIL00C.cl2,COBIL00C,b5c46039eb8fd2f7ed7d3ca379172e56fa87385a369023bef706b04986fe1cfb,F2_PERFORM_PARAGRAPH_BOUNDARY,,lower,PARTIAL,0,BLOCKED,4,NOT_REACHED,NOT_REACHED,2.36.0,190,149,30,INPUT_MISSING,PROFILE_NOT_SELECTED|INPUT_MISSING,2,DFHAID|DFHBMSCA,programs/samples/m2/unikix/UniKix_CardDemo_runtime_v1.zip!/migrated_app/cbl/COBIL00C.cl2
samples/m2/unikix/UniKix_CardDemo_runtime_v1.zip!/migrated_app/cbl/COCRDLIC.cl2,COCRDLIC,d6a9210ad3062bd657881fc3f0d2a7368db3ff4869594e0d6a878d8f410d87b6,F2_PERFORM_PARAGRAPH_BOUNDARY,,lower,PARTIAL,0,BLOCKED,4,NOT_REACHED,NOT_REACHED,2.35.0,500,330,162,INPUT_MISSING,PROFILE_NOT_SELECTED|INPUT_MISSING,2,DFHAID|DFHBMSCA,programs/samples/m2/unikix/UniKix_CardDemo_runtime_v1.zip!/migrated_app/cbl/COCRDLIC.cl2
samples/m2/unikix/UniKix_CardDemo_runtime_v1.zip!/migrated_app/cbl/COCRDSLC.cl2,COCRDSLC,d5af307fb4b1a155f03df9eea14b402d866a332360e14a1e37dbefe59b73363b,F2_PERFORM_PARAGRAPH_BOUNDARY,,lower,PARTIAL,0,BLOCKED,4,NOT_REACHED,NOT_REACHED,2.35.0,263,161,95,INPUT_MISSING,PROFILE_NOT_SELECTED|INPUT_MISSING,2,DFHAID|DFHBMSCA,programs/samples/m2/unikix/UniKix_CardDemo_runtime_v1.zip!/migrated_app/cbl/COCRDSLC.cl2
samples/m2/unikix/UniKix_CardDemo_runtime_v1.zip!/migrated_app/cbl/COCRDUPC.cl2,COCRDUPC,3ffeeb3d3c53e64e632bde36771dbbcf080e92ed4168d30d90c21e4dc198e6ef,F2_PERFORM_PARAGRAPH_BOUNDARY,,lower,PARTIAL,0,BLOCKED,4,NOT_REACHED,NOT_REACHED,2.35.0,488,260,204,INPUT_MISSING,PROFILE_NOT_SELECTED|INPUT_MISSING,2,DFHAID|DFHBMSCA,programs/samples/m2/unikix/UniKix_CardDemo_runtime_v1.zip!/migrated_app/cbl/COCRDUPC.cl2
samples/m2/unikix/UniKix_CardDemo_runtime_v1.zip!/migrated_app/cbl/COMEN01C.cl2,COMEN01C,ad5e376ac9221b21b8ce47597a5ca17fc1f39dc913793c814c6675e9b046fc09,F5_STORAGE_INPUT_MISSING,,lower,PARTIAL,0,BLOCKED,4,NOT_REACHED,NOT_REACHED,2.36.0,81,64,13,INPUT_MISSING,PROFILE_NOT_SELECTED|INPUT_MISSING,2,DFHAID|DFHBMSCA,programs/samples/m2/unikix/UniKix_CardDemo_runtime_v1.zip!/migrated_app/cbl/COMEN01C.cl2
samples/m2/unikix/UniKix_CardDemo_runtime_v1.zip!/migrated_app/cbl/CORPT00C.cl2,CORPT00C,0b06bd5d4f38f17871de8985c439dfce7ed30d28e02b6ffeb8459e0cd8db4fc2,F2_PERFORM_PARAGRAPH_BOUNDARY,,lower,PARTIAL,0,BLOCKED,4,NOT_REACHED,NOT_REACHED,2.36.0,220,168,42,INPUT_MISSING,PROFILE_NOT_SELECTED|INPUT_MISSING,2,DFHAID|DFHBMSCA,programs/samples/m2/unikix/UniKix_CardDemo_runtime_v1.zip!/migrated_app/cbl/CORPT00C.cl2
samples/m2/unikix/UniKix_CardDemo_runtime_v1.zip!/migrated_app/cbl/COSGN00C.cl2,COSGN00C,4f901ae6b113eebae60ae1d94b30f8cb9906d031a4419770bf56980bdf97e377,F5_STORAGE_INPUT_MISSING,,lower,PARTIAL,0,BLOCKED,4,NOT_REACHED,NOT_REACHED,2.36.0,71,61,9,INPUT_MISSING,PROFILE_NOT_SELECTED|INPUT_MISSING,2,DFHAID|DFHBMSCA,programs/samples/m2/unikix/UniKix_CardDemo_runtime_v1.zip!/migrated_app/cbl/COSGN00C.cl2
samples/m2/unikix/UniKix_CardDemo_runtime_v1.zip!/migrated_app/cbl/COTRN00C.cl2,COTRN00C,51479f131b4fb300008403f0c4f9fdbde56f22a7fb341c782492da29f0d23bbe,F2_PERFORM_PARAGRAPH_BOUNDARY,,lower,PARTIAL,0,BLOCKED,4,NOT_REACHED,NOT_REACHED,2.36.0,294,246,43,INPUT_MISSING,PROFILE_NOT_SELECTED|INPUT_MISSING,2,DFHAID|DFHBMSCA,programs/samples/m2/unikix/UniKix_CardDemo_runtime_v1.zip!/migrated_app/cbl/COTRN00C.cl2
samples/m2/unikix/UniKix_CardDemo_runtime_v1.zip!/migrated_app/cbl/COTRN01C.cl2,COTRN01C,fc24ff879ac6ae12bc6817554cb756f14c5e86e0ca2dd0037af49599887f03c0,F2_PERFORM_PARAGRAPH_BOUNDARY,,lower,PARTIAL,0,BLOCKED,4,NOT_REACHED,NOT_REACHED,2.36.0,95,80,12,INPUT_MISSING,PROFILE_NOT_SELECTED|INPUT_MISSING,2,DFHAID|DFHBMSCA,programs/samples/m2/unikix/UniKix_CardDemo_runtime_v1.zip!/migrated_app/cbl/COTRN01C.cl2
samples/m2/unikix/UniKix_CardDemo_runtime_v1.zip!/migrated_app/cbl/COTRN02C.cl2,COTRN02C,dc33b4c797a98d2732070a223f43cc78992c2846681163a032e376630742b1ed,F2_PERFORM_PARAGRAPH_BOUNDARY,,lower,PARTIAL,0,BLOCKED,4,NOT_REACHED,NOT_REACHED,2.36.0,300,252,40,INPUT_MISSING,PROFILE_NOT_SELECTED|INPUT_MISSING,2,DFHAID|DFHBMSCA,programs/samples/m2/unikix/UniKix_CardDemo_runtime_v1.zip!/migrated_app/cbl/COTRN02C.cl2
samples/m2/unikix/UniKix_CardDemo_runtime_v1.zip!/migrated_app/cbl/COUSR00C.cl2,COUSR00C,831433c6ec8306038c85cb86a8307f91dca48c26ef33a997f402187cbd9f4e04,F2_PERFORM_PARAGRAPH_BOUNDARY,,lower,PARTIAL,0,BLOCKED,4,NOT_REACHED,NOT_REACHED,2.36.0,288,241,43,INPUT_MISSING,PROFILE_NOT_SELECTED|INPUT_MISSING,2,DFHAID|DFHBMSCA,programs/samples/m2/unikix/UniKix_CardDemo_runtime_v1.zip!/migrated_app/cbl/COUSR00C.cl2
samples/m2/unikix/UniKix_CardDemo_runtime_v1.zip!/migrated_app/cbl/COUSR01C.cl2,COUSR01C,aa131b1e3382dc6d101b42f1c97d4fb0c2fdd706819ed9f9a0187c82b30f3019,F5_STORAGE_INPUT_MISSING,,lower,PARTIAL,0,BLOCKED,4,NOT_REACHED,NOT_REACHED,2.36.0,94,82,10,INPUT_MISSING,PROFILE_NOT_SELECTED|INPUT_MISSING,2,DFHAID|DFHBMSCA,programs/samples/m2/unikix/UniKix_CardDemo_runtime_v1.zip!/migrated_app/cbl/COUSR01C.cl2
samples/m2/unikix/UniKix_CardDemo_runtime_v1.zip!/migrated_app/cbl/COUSR02C.cl2,COUSR02C,85d36699cbd3079320e689576ea8406d07ad78901f4f3a68a129b869359b46ca,F5_STORAGE_INPUT_MISSING,,lower,PARTIAL,0,BLOCKED,4,NOT_REACHED,NOT_REACHED,2.36.0,148,124,20,INPUT_MISSING,PROFILE_NOT_SELECTED|INPUT_MISSING,2,DFHAID|DFHBMSCA,programs/samples/m2/unikix/UniKix_CardDemo_runtime_v1.zip!/migrated_app/cbl/COUSR02C.cl2
samples/m2/unikix/UniKix_CardDemo_runtime_v1.zip!/migrated_app/cbl/COUSR03C.cl2,COUSR03C,bcd68f08c145b3b9b9c809a7082834e9519d78b6f363a0d1c5ff9d9576dcf888,F5_STORAGE_INPUT_MISSING,,lower,PARTIAL,0,BLOCKED,4,NOT_REACHED,NOT_REACHED,2.36.0,115,96,16,INPUT_MISSING,PROFILE_NOT_SELECTED|INPUT_MISSING,2,DFHAID|DFHBMSCA,programs/samples/m2/unikix/UniKix_CardDemo_runtime_v1.zip!/migrated_app/cbl/COUSR03C.cl2
samples/m2/unikix/UniKix_CardDemo_runtime_v1.zip!/migrated_app/cbl/CSUTLDTC.cbl,CSUTLDTC,05565b6ca61098097391bd6ae14268eb122d41c76570d2336253b0cdb5a961fa,F4_STORAGE_PROFILE_UNSELECTED,,lower,PARTIAL,0,BLOCKED,4,NOT_REACHED,NOT_REACHED,2.37.0,29,21,8,PARTIAL,PROFILE_NOT_SELECTED,0,,programs/samples/m2/unikix/UniKix_CardDemo_runtime_v1.zip!/migrated_app/cbl/CSUTLDTC.cbl
samples/m2/unikix/UniKix_CardDemo_runtime_v1.zip!/migrated_app/cbl/SDSF.cbl,SDSF,d01b013e55ef4f7b76044ef98fa30fa077ec8d0a6847efab7f2c466087264027,PIPELINE_PARTIAL,,,PARTIAL,0,PARTIAL,0,PARTIAL,PARTIAL,2.31.0,2,1,0,PARTIAL,PROFILE_NOT_SELECTED,0,,programs/samples/m2/unikix/UniKix_CardDemo_runtime_v1.zip!/migrated_app/cbl/SDSF.cbl
